PetID,AdoptionSpeed
6697a7f62,3
23b64fe21,3
41e824cbe,4
6c3d7237b,4
97b0b5d92,4
5eb355cea,4
bf2b57c9d,2
4f6029457,1
fe09dbb56,3
9b3e95995,2
409ccc60e,2
ef7ffcc3e,3
be0888771,3
7cdd625cc,3
f7550219b,1
95b94b4ac,4
a7d9451a5,1
b51b41933,2
4cfd0fac0,4
68c69f5c1,3
b71eb2942,1
9ba11975b,2
97916de84,4
bd0bfa1f6,1
699365a99,3
684567fc4,3
3ca4780f5,2
9e876d171,2
25c1c662b,1
9c833c8c4,3
cf98480e0,1
ecb6979fa,3
11948e0ef,4
31893804f,4
87554ea1f,4
0fd9076d7,3
8a7860ee2,4
89bac4c29,3
21493e6ea,3
de7905c9c,4
6d53b2d19,0
64c4f9057,2
9f40dbc58,4
6f358dea9,3
16d4039e7,3
c634af483,4
c1db71d88,2
7d2e1dd01,1
e77941c00,4
228e88a51,4
d5124cdcc,1
ca28c5e51,4
38fd4509d,3
d3e488484,3
65ba8b6a0,4
f5e329595,3
1fc6f94cc,4
e39881452,4
56d7f894f,4
1eb9e12e8,3
76e071fcb,4
8ccb8778d,1
0e1f78a77,2
654acdb4b,2
249b350de,1
d08d2829f,3
ffdad97e5,4
8a420e638,4
8396c07c5,2
e9d8c098c,1
d1ef3e54a,3
a118d66aa,4
da4a5403d,3
7d4fceffc,2
cad25c91b,4
24890da9b,3
ebabceece,3
bff5e06f5,4
01d0a7f3f,1
aefafcc66,3
2b46246db,4
35b1c5db4,3
01c7411ef,4
9a9707c98,3
d3411347b,3
63d254530,3
fdd191ba0,4
99c110585,4
ff127e4d3,2
2e1448ee0,1
91389ff80,4
b3971f06b,4
1fd1d2349,4
25fce0465,3
d5abad72c,1
ca902248f,2
d02861aca,4
1fd056050,4
1ea31c6df,4
7e681c7eb,2
251f4dd60,4
12d514ef2,3
4d40cfa55,3
2bd8e5830,4
7193a5332,4
8b3afe216,2
2e77e1c78,4
42149c9e3,2
8b34370aa,4
df4d893b9,3
25b827551,1
909d9e158,1
dc4747d5c,4
ab8a8e5c9,1
28af5e0d3,3
32cda3189,4
f296a9ee2,4
0ce5d0b5f,1
77d4eba90,3
be4275440,0
89a396d79,4
fc93e5aa5,3
a5a71bc27,4
c09e086c8,2
04e829d49,4
15a828f9d,3
5b539effd,4
4133ec13c,4
a59aa3f80,3
b36616178,3
0e56a693b,2
e5a2e7156,3
1f6dc1747,4
b18e25ae6,3
0e736f310,4
0d873789a,1
dcdb6907c,1
f8d3b2e51,2
bbaa4a431,4
bf74b13ab,4
b47109e90,4
b5c41169c,2
c5f20f40f,2
375794bcb,3
5ff246254,4
656246ceb,4
d2f099410,2
907fc239e,4
788e8757d,4
c02ce1bc0,2
1de2c7e27,4
b40a8ff86,1
da962d158,2
2aadf6110,3
b271a8246,4
d67c5c6cf,4
7c37095b6,1
2dfaf69b5,4
8edd5d505,4
b1367c404,3
f7c487e58,4
e2ecf822a,2
8566a1bd5,1
99af63c63,4
4a8f49ac8,2
a12bb119e,2
e5962e049,2
b98512188,4
ca39efaf2,4
c001473a1,4
2e417850b,1
4eb9c5991,2
b517c8c90,4
b08e63db8,1
5113edf84,3
8c0eb7188,1
b15d56540,2
bc5058e64,4
3ea675148,2
8ab591301,4
a6c836abe,4
0e8a11aaa,4
20854e428,1
d4beefae9,4
8bb34f0bd,1
c23b6bbf6,4
75f94bea0,4
330943a7e,1
c87b301c0,3
be59708a0,3
8a2faaf1f,3
db194aec8,1
b6492d3b1,4
4f1bf01b6,4
e9cb42d59,3
a91141912,2
f82aa539c,4
ca587cb42,3
8fd0bd843,3
22e73ac3a,1
d6e372a1d,4
89a6620e3,1
7eae805cd,4
fcf377cce,4
1ed0c2a41,3
a8055a2ba,3
50bbe8e31,2
ab4f161ae,1
bf5eb5d00,3
9fd804400,1
c50926700,4
75a4a14ac,2
e58225b2e,3
f51f68a13,4
a0f3a1cb4,2
35ce89b5c,4
bf50b399e,1
26901ccb0,1
640a267a9,3
393d6bda1,1
41a7d5bc2,3
f24000fbc,3
17bdf954a,4
2b446dd3c,4
397be6b99,1
791f6c077,2
14a1d0eb4,4
6d474edc5,1
687be6419,2
41d6c5f90,4
596c81470,4
80bf7a371,3
a54202bba,2
147d6fab7,3
47ad7a82a,4
fc0952bea,4
a79fe858d,3
11fa9d216,3
6ae92889d,4
e317b2a73,2
d147c39fb,1
f394d4aad,4
e03ec2a98,4
3d751fe45,4
437b06047,3
85594fcaf,4
b4b4969b2,2
b47536db5,1
fde52ef8f,4
71cc0a02e,3
cb8d79ada,4
104910cb4,2
dffb9869f,2
6735cc397,2
36632f72b,2
e064d3504,2
838b5c426,4
ab1777794,4
5bb7dbfc2,4
0b243ba27,2
9cf90beff,2
119835ef9,1
afb230f5a,2
5c60f7300,2
c9e2b26c4,2
6945dbebb,3
81a176a02,2
ac1a70774,1
e809de3b9,3
487bbfb6d,3
6ea58b8ac,4
0fea56eb9,3
d4bb8cf0a,1
d057b97bb,4
9f48a8fe6,4
9a9f6c753,4
39adf62b4,1
0ace65bc4,3
fa1c96e93,2
b1b2aae50,1
e570d64ac,3
23cdf5f21,4
e909c484a,2
1cba86658,2
e8e054802,2
1f3e595eb,3
77b247a02,4
5110ff5f5,2
5b64325b9,3
c78cea205,1
33db028cb,1
41ae99ff2,3
1b8ef81e3,2
7c9fdd0ca,3
f83c963d2,4
ab35738e4,2
42b3d53f8,2
810ff9d37,1
05e3bc1ae,4
b4570b618,2
8d7c78428,4
0c05a138b,0
b94b99757,3
9b227ae56,1
6ae4fc251,3
4f502df1a,4
f32959003,1
29f54c6ff,1
b5cb75a44,2
e27adf529,4
b085671fa,1
ea9003f0f,1
8d8ff1b29,3
6a6e8e4eb,3
70a7a71fe,2
fe9307848,4
6868acfce,4
fd68d0b58,2
5c110b9d2,2
13469fc6a,3
0a796c967,3
f32a2c20a,2
e7020fa9a,2
0d7c5b6f6,1
c99720dbb,1
e26125d75,2
75642f3e5,2
ae116d640,3
f4e748c72,1
2318247fb,2
132670005,3
1ce555db8,1
f97c8edc4,3
5a3e60ced,3
01e4020da,4
db10909d5,3
0aa2ce4a9,3
c9a21c416,1
18c45e502,1
4de32c463,1
08b9a3a2f,1
d0566e4db,4
f3629735d,4
38d23c02f,4
9c788a6bb,2
c29fca356,4
7d835cf7c,4
d0e2179a6,3
8d05a7ab1,4
dad58d0a7,4
95314294,2
be2119ed0,4
ef3fad107,1
348a982e2,4
5fc91ab6b,4
1c3f79b11,4
c1b7a178a,1
a54497b9a,4
3f42bd15e,4
bb8795c8d,2
8913e5b27,3
22c2f101e,4
7f434b444,1
3cc43a157,3
10741c443,3
5b0f07923,2
62583aec1,4
5c9d75ab9,4
aaa9c8e09,2
573f51aca,3
b72bbd6db,1
88b4f478e,4
96c93dcc0,1
4dd89c859,4
3a682b74e,3
05aad3b3f,4
db3c2be5c,4
67839e63d,3
bdc7db9b6,1
f663a91e8,2
2d72ef0c4,4
216550479,1
442822be3,1
f13821512,2
22ff7ca25,1
a30e92cfd,4
3c2324232,2
f135e422d,1
b7fcfa1e6,4
52dae90aa,2
b7656e70f,3
640dbb3b6,4
86550c5dc,4
779bcf3fd,2
c576fd55e,4
204a3b926,4
5d9a6398d,1
f05a5801b,4
3d51f4560,4
2852d3c30,2
67dbd5ed9,1
80fcac43d,3
86afe98e6,4
594e3dc3f,4
79799da25,4
52a23ae9d,3
67d786538,4
ce9332934,1
2d880df4f,4
11a3055b7,2
ea11b6f12,3
ed6684f3a,2
dc9557824,4
5bd541f6f,3
850cb2e50,3
804c6c78d,4
172b6f611,4
db3f7a11d,4
cb7bfedd5,3
dfd0fbde8,4
345b95213,2
26627b528,2
15be0f894,2
4b932ab38,4
cbe4be41b,3
bf7ee1354,4
2f4b73413,4
e2bcb9213,4
9b7f2424f,3
563854d72,2
64dbb2214,3
a3d9bc3aa,4
0ece28cf0,4
a8267c4eb,3
6db8c5110,4
f0f6f4bd2,3
073484a7d,2
729042a8f,4
17e6747da,4
e25d4dcb1,3
4d3526802,3
9ec161c16,2
1cce33a82,3
792c38c44,3
15600cfea,3
cf2e67122,2
48d1bb550,1
2ca18c1e3,1
161718095,3
f05dae9bb,4
d45776f61,2
d23a71937,3
4831c683c,4
e4b550d46,2
1b368f29c,3
21b90ff68,4
6da65afb8,4
ea4c18b67,3
adc51c1a7,2
c2aeb6a1f,2
9351715a9,3
818b12621,1
eebee574e,3
b85cdc8a5,1
3bb1086d6,4
321c14446,2
a4e103d6d,3
3ab64c5a4,1
7ada9a854,3
7d1030b42,4
bdbe7091f,1
aea876483,0
078fb1715,1
db635ae93,4
2d304409b,4
c05b74b05,4
1e7159da4,3
d1ef0568d,4
a6e902691,4
e2a9dd71a,4
303ecdb58,4
aa8e2a85d,1
da405f364,4
eb5ce7ea2,3
60ddc474c,4
fb1adae2d,3
78a99e7a9,1
6480e3454,2
b5c553616,3
923a58e31,4
8d3b5e6e9,4
3021613fd,3
9945962c3,4
537b5f09b,4
d30c88c64,3
756d92515,3
902e7f8aa,1
db6b79545,4
f95b27325,2
a04a67a2e,4
bd70d885d,4
1d46f1061,1
6231ed9b3,3
0fae8116c,3
71c3f9254,1
06daf9c05,4
ecfcb4430,4
e736f4022,3
022429d5c,3
b3db0fa59,2
dffd9f2ff,4
84fbd99d9,2
db044e38b,4
57a93e9a6,4
a06a2ee4e,4
66cff2ed9,3
b39ead375,3
2e392586a,4
4f39ec246,1
e8d0907ae,1
0291e8ca0,4
c74126469,2
832110a99,3
cbf4de1e8,3
fd8bb16c6,3
5cc86be4e,2
bb5162df6,3
ffd61a488,1
e3e66cb5a,2
26161bad4,4
ba72b4212,2
78a1d23c2,3
81694b7db,3
258667857,3
c2e22f843,2
d68357af5,2
128293a4d,4
c390140c3,4
11bb6fca2,2
289d0bc8a,2
1e6970298,2
36ea16468,4
b70d0abec,4
1f82b8bf0,3
c969e8b17,3
4715f897c,3
c2284e2e9,1
38d0a0bab,1
8ca64b428,1
a2cd8b4ae,1
15538a661,3
4133efff0,4
7d6cd8ac7,4
0fe9d0022,1
9cfe96818,3
476dc0901,4
307b61689,3
a243c61c6,4
49ad94a6a,1
4ce29bb83,2
d6691251b,2
33f89cb83,3
3f38aabf4,3
9679275a3,4
1c2d419ac,4
b04b200fa,1
41ee5af3c,1
7beccedcb,2
96e1f20e7,4
092c46fdd,4
2de719b88,3
69d04f61e,1
dcf17ac48,3
6f3e4618d,3
27e318160,1
aeda0ac0d,1
f6d2c9972,1
012a1a396,3
8e4a80297,4
14f54fdb9,1
ee7d6cf3f,3
1bd200942,4
23d784a8a,1
81efac010,4
a9391d398,3
c72cb0d9b,1
8c5bf2766,4
6d98621a6,1
16ffedcf8,4
48fd10660,3
bfb33b149,4
b8d96cdd0,2
f64329201,3
2edfe6ec8,4
9ab460730,3
e74dd0579,4
e6f88d19d,3
07ee26c3c,1
f836696de,4
45dba413a,3
ac4c28677,3
1716cd645,2
514db7301,1
458e8f61c,4
94dac1ddf,2
306989556,4
2c08a034c,1
21c163648,1
a655655d4,3
05486faf5,1
f1c49dd17,4
2b4017cf2,4
fd67a3f2c,1
88b60278f,2
92189aa31,4
0a40d8c85,3
0fcc3cefe,4
3f9f466d1,4
cc0d4cec3,4
a24a102b1,2
80b25cc78,1
8509ad722,2
45320bbe7,2
7e5d4e317,2
3ecdd4122,4
6314ae1c4,2
aa4b23487,1
110682438,3
49e7b59e9,4
780c099b4,4
6c3222742,3
5ae7359ab,3
f1ceeda99,4
aa328a5ba,1
0ce866a04,3
9883a048e,1
5f7343089,3
004c2f355,1
488bfc285,1
3ebe9f7af,4
74084fa99,3
d010fb743,0
07128a0d8,2
97dd55a08,4
b83e15288,3
bec55c577,4
227b372a2,3
ad90d4962,3
71cdaadb1,1
c5756030f,3
6e6d8b614,1
fff4a6420,3
a804fded8,4
a88845c74,2
4b0662306,1
3c03a9912,1
95b0b4cd9,4
bbc6d3812,2
23367e78c,2
58695e2f5,4
bcb22c952,1
732a2ed35,3
707b0c535,3
ddc2e31c0,2
4c594983d,4
6df350974,4
ccb658698,4
eb6c692dc,4
63f2e0940,1
a2e22831f,4
118c1147c,4
829ba7bfc,3
af9d89c50,3
9e27976e9,4
c4feb7269,3
99dcd9020,4
bfc46890f,4
7e704dadb,3
8fc22fd2c,4
cc8518f88,3
316f30229,3
bba3070ad,4
b6c338f94,4
2267e1584,1
410707dda,2
68838474a,2
c1c16ac86,4
c2b92d7a0,4
afefc6424,4
bc5dade47,4
05d10428c,4
010a59236,4
021cb10fb,1
dc3ebf72a,1
afda0a2dd,2
9fce612cf,1
47fc12331,3
e0ad66343,4
d973f1d5c,4
29466dcf4,2
716167b76,4
f904be121,1
36c4871dc,2
d3f0d22a7,2
20fee2991,2
aeb17dd99,1
eab1d3e9f,4
8f1d6224d,4
e7a8fea6b,3
9f2251ffe,2
a76cbec89,1
94b6d93ea,3
5f9cf8892,3
ef086278a,2
b1ed265ef,4
5afe2ebbc,2
6521d5af1,4
d99c980a9,4
098b6e1e6,4
abd80f666,4
cf77fed94,2
31912a7d7,3
84e146ba6,3
3f0c30d12,4
c611f493b,3
1f2d73626,3
1ae9a98d3,2
ccbaa4592,2
eb77ec282,4
8feefe84d,1
5d02f91fc,3
cbd8840cd,2
4b1f93aac,3
c924a03e8,4
36b57b1ee,4
f2eb9530d,4
fc7b01af6,3
ab2bb4a0c,4
062b387cf,4
86f41cec9,4
15df9cd46,2
d320b7121,4
fd059b5b6,4
0cbe33a44,2
563eaa005,4
bad338993,4
ceec02726,4
b2d35633c,2
d4b4f217f,1
35992662,2
9ca5f1891,4
4bd8b2b8d,3
00eca0391,3
590a78f0d,3
07638746f,1
0c47e700c,1
473280639,2
ecad4a875,3
7b5012939,2
ddd632a5f,2
7cfaaa67a,4
d0866146d,4
1d4940497,2
8dd8a7b9e,4
c8c8ce5d4,2
4446dde7e,1
f824e33a8,3
9c969d36e,3
7889399ac,4
db27a0a42,4
6ce40c2bf,1
b790a32cf,1
9fc14401a,3
82a108c64,4
d5b9cbf05,4
9d3d3b938,4
aecba8ecd,4
6114449db,3
418e88441,4
87f9ef7a5,2
75fa09239,4
0434520ef,2
cdab8ba8e,2
0b4ac75e9,4
4225add43,4
e1f0c1add,3
bbb0a9ac2,3
0f1a3ce5a,3
f6575f08d,4
0605aab21,3
75f3f26cd,2
05d2022eb,2
a426fc504,1
33d3738f6,2
c22078c20,3
5146f799b,1
063e2d021,2
1b5af7749,2
8311f29c4,4
9866d1bd1,1
08bfdc66f,4
429296d6e,3
f385d9645,3
182aec7a4,4
4aa44d3c9,2
0d653b602,2
c98d16315,3
b69d479cf,4
e32f5a36f,4
cda31e59d,4
f03af5072,4
bc03cb42b,1
7ebdfc3b7,3
1448e3b1a,4
ec4ed9fe6,4
8f15fc3d8,1
719917454,2
5842f1ff5,3
b5974bdd0,3
12b47b4e8,4
598f49a8f,4
6029bf590,4
e79dc4f9d,2
60b9421cc,4
5d3289417,4
2fdc23bcb,1
3af847ce9,4
b8dd18a5a,4
36f1c9d61,2
695925a2a,2
d81a46211,2
93c9866b0,3
925c3854a,1
7d52177d6,2
8ab1bbd3f,3
5452fea14,4
2c23cf72e,1
c7315e345,2
e1ecc1b26,3
73d65de2d,4
59e24567e,4
d412201f6,2
064425a21,1
538b47698,4
220d4394a,2
9c178d0f4,4
9f4f97c61,2
95183dc31,1
0c2e0fc7d,3
d898de7ff,4
a77d17ef8,4
452a50855,1
c675f3b10,2
ec0ef9572,2
d9b894731,1
d2d37c3c3,3
af1125994,3
84ce5f32b,3
00553ae55,1
fc9b4b692,4
182faa94d,4
c74abc080,4
4df0d1886,4
1ba69dec6,4
d083a22c5,4
c135e081f,4
93692767b,4
40713e16a,2
6d55edd17,2
cf8d949f9,3
0a536633a,3
4d73d97fd,4
44d722701,4
5b9d80473,4
df26f1098,4
e08c4940e,4
8d862cd26,2
a75bbea18,3
a77b63ee1,2
27b6e5aca,4
04ea19d2b,1
234a5a54c,4
34452eefb,4
c9646e275,2
cdf03dc31,2
7bebfc2a8,3
86953ea0b,4
3029fcad6,1
1e45f7387,3
737413132,4
c0c1504db,1
d202e4c9c,3
8dfb61116,4
acf289a37,1
7b79e52f0,3
7a72ba3d7,3
c43ecb3e1,1
953e3ebd4,3
27830acaa,4
1a6729b6f,3
7915144f9,1
2932eac8e,4
3f7b002f4,0
0338fcdaf,4
ea062393d,4
e899d33d5,1
71d3ecea7,3
1cf66aed4,4
caa967274,3
777f82721,4
8f47e7ad3,1
d79342c8d,1
5c150efc9,2
4c9e42452,3
d2d9924f0,2
0f2879b04,1
d946f7a55,4
1a76190c5,2
33a51709e,4
9ea8e240f,4
3c3615b2d,1
3c9dbc88e,3
47ec9e919,3
21c955172,3
7964fc4ad,3
52da0c86c,2
dc3066d92,4
300337abe,3
ba311fc1a,1
b4f476ab1,2
97baac4eb,1
c80811400,1
40f1ee340,2
380e603cd,3
4d43092e3,4
f6b229568,4
6f3e70321,2
9c8209bae,1
2d584af81,4
ab4a00203,3
fad982f0a,2
5152dbfe1,2
f557e9262,4
a7a94dd33,2
cc492b6b5,4
2f3bed708,1
dc20a0cea,2
8563bddec,4
20b7e24b2,4
7975df564,3
d3ffc5c1b,4
61f22ed16,4
9791b85de,2
2a734045b,3
5e1c62c0a,3
b8976d821,3
5cdb90323,4
d5df34957,3
8885f346b,3
45d1d74ca,4
082c6dee3,3
e1a2d9477,3
3c5a98448,3
13e0627dc,3
a17411df1,4
219444cb8,1
c879064dc,3
1adb292f6,4
99daba941,4
df70eb456,0
36d7fc2c5,4
2e6fc0342,2
b34dce3d6,4
968c82e07,1
74f3293ad,1
ff85f13d7,4
f03ea3fd5,4
5682330ad,1
9bfca7e65,3
4f58a37d5,3
784d3319e,4
fa3df8921,3
09b5921e9,2
3c5e8cc5d,4
4479fdc71,2
59d95faef,4
7f74af51f,1
3ea00c9fd,3
bb051be7c,4
f4bc92fc6,4
f5e793c38,4
342400751,2
78cb569c6,1
9f5636404,4
3ff737b0e,1
6eb34434d,4
bbd898405,1
a2ae5fa7d,3
7b70b7048,4
ffb315803,1
183e445ea,1
451d17b57,4
fe790ba60,4
e9e4424a6,4
5bbf44cea,4
1f949d065,4
01a985b44,3
24dfcc985,4
21a1b528f,2
e989ad83f,4
533c528ec,1
90055a5f2,2
9a609ef71,2
78c3c7f21,4
0eb101936,4
8655a46ed,4
f9a3f579a,4
e49b7c262,1
a76937df3,3
bbd225f09,3
34ed5aa64,3
5ad497d30,1
5a4b6ea39,1
e133ab2f1,4
7ff979d3a,4
c0574c31a,4
920cfaad3,1
fa6c44396,2
1d9c36e47,4
c12b5f5de,4
51572cdd3,4
620796ee7,4
33dda6165,4
d734c881a,3
08b454900,3
0d508e63a,4
ddeeba131,1
b03c17502,4
b1d936001,3
fd39fef15,2
a7baf1366,1
1a61a5963,2
67578d32f,4
2f03dc1f4,3
ffb3a78e1,2
ef1966105,4
2aac3e0ac,1
e63a7dd84,3
c0d50b9f1,3
4f9b31590,4
b744f152f,3
2107c9788,0
f995bc16c,1
3304185a1,4
b6c59bc1e,4
cc25fb529,3
e22b9edd0,4
f95b39c6f,3
57ffecfd8,2
8ab904da2,1
3185aa328,2
4e9358756,1
a688a434e,3
5c7d61133,3
89d8b797c,2
9a218ea6c,2
243aaaf6c,1
813db4d5a,4
c8d22c965,3
5296fb183,1
525947b88,3
09b3b9dfd,4
fd3804c20,4
12ba67e43,2
09e64ce2b,4
cff3127ad,1
94b587221,2
221cc9a2b,4
db5d27601,4
e5b7f6fbe,3
903523a17,4
35d04e039,1
ad5692ee7,2
470fba174,1
8a17130c3,1
27cf74bf1,1
45bf47f58,4
210c4a637,1
3cfec8730,3
d45e400b8,3
a9a2b71d8,4
106de20f0,4
ac9fefd28,3
f073c005e,3
4fec4436f,4
a1ba2f016,2
ed89380a6,1
ed9885dcd,3
27f0a51cd,1
239326fd2,4
2e2b3f60c,4
906ee1877,3
e801cb768,3
0f9d7b0f9,4
e9eeadf82,4
4b5532afb,4
ab17ce306,3
e470b6bd3,2
d1a2da8ef,4
f72db59b3,3
11f773e2f,2
7ec261d88,4
db71b8b85,1
3fd5af157,4
e4a48ef49,1
e282d2bdf,3
7448f3165,4
bf1b733a7,3
0dbb0a012,4
0a98163c8,4
57d556084,2
a6236b3b8,4
d99012d9f,1
f0ef9c777,4
ba7b8cac2,1
99a9c9a23,3
7268e9e21,2
cff311279,4
1c9e913d7,2
4c74d479c,3
e849142b2,1
daa7f33d4,2
fd8c80281,3
94ec1c180,2
c753c9bd8,1
a56c46193,4
2b0896bbe,2
2416a2da1,4
3b41cf42a,4
5cfd4e3bb,2
f253bd6aa,1
20cb13be9,2
7de2f688b,4
70900313d,1
5606b4630,4
a823f714b,2
978526235,1
85a0bad4f,3
e0dbd7901,2
fffd78a11,1
5a567392e,3
69b2e9f3f,3
951f0f32a,4
aee21db9b,4
ca76729c9,4
ff5158511,2
bd2ad0f9d,0
ae9a09ad6,2
4dfd61242,2
1ef5b1310,1
4e8ae40c0,1
c1aa11cb5,1
af86d93ba,4
426662616,1
08767d88e,2
2db00a064,4
a8e6ad61c,4
ce27c0f68,1
1108027ef,1
514202b22,4
7687b7da2,4
b84dad49f,4
615f2f661,4
cccbf8c47,3
196504d88,1
3b61f8d97,1
f3367a65d,1
125edf869,3
a144cca8c,1
e156e8aa0,1
1528d2a61,1
f1f0972e3,4
49b868ae2,4
5792107ef,4
b96b7da59,2
ebf5e5e77,2
c491ec026,4
7af35cc82,4
d6fe9ec65,1
991c722c1,2
e4f7394ef,4
62eac41fa,4
b89c365c3,4
98780fbb6,4
3f108e7bc,2
c1df421c4,3
a5746676d,4
662011890,4
414d8422f,4
d1870f34b,3
8e92ebde6,2
9af3fec83,2
bb714a80a,3
3f2785c07,4
f861fe441,4
40d175d61,3
6a00de73d,4
cdc958646,1
6da1ee245,3
dc23feccc,1
441594b56,4
4b431377d,1
ef15e6473,4
ae3ff3cbc,2
bac8c1a73,2
4872c28b4,4
a0909c2bb,4
8cd1d06ab,4
9f8c97661,1
65df826e8,1
6ff2ae40f,2
93bffe78b,4
1b6f92bc2,4
fa1a30192,3
043d8c534,4
369dc90b6,2
b7a54fea5,3
1a8503d2f,1
8c2aae63b,3
e79f310db,3
21db2af7c,1
9c0f6076a,3
9eb70b7c4,4
3584bf68a,4
06dd351e6,3
662f8c2a9,4
72f6dbb1d,4
1f0e01c1d,1
859b1b236,4
4c4ba8c4e,3
edf3478dc,4
5f2edae7c,4
4f5f178e6,1
b3170958f,4
10f1688d4,1
5b554c6e3,1
d6209194b,3
0d55c2e2b,3
cb860243c,4
5902c3051,3
0d6696a32,1
90f1b0525,3
ee5f5db50,3
7a1d75edd,1
72896003b,4
5dca19c12,3
840bad15b,4
b80a19455,3
d596234fc,2
6344c2cde,4
be7fbd988,2
aca81d4a7,1
6914ade58,3
8939a1ac8,3
0880d7f1e,3
5c810c552,4
d7454afee,4
615afad71,4
fcae5bea5,4
61be9a64f,4
6c9696bc5,4
5dce619e3,2
f017041ca,1
d8060a227,1
efbf1703a,3
146b9d6e7,4
0ecc1200a,3
fb9a96204,4
f4415e636,4
ff4b9b3b4,1
5a2a433c2,3
c7aa43e1a,4
b1e8c0afc,0
2cf4d18e3,1
e58bebf13,3
412d7406c,3
4c1a9d86f,2
c67b1fa40,2
bf9bd91e1,2
92ee0c92b,2
02a2a622c,2
7ca780c35,4
688b3183d,3
ff867121e,1
4512e1ea8,3
096a97631,4
2172fb9fa,1
2edd45e56,3
56ba19506,4
c67d871e3,4
193781ef0,1
550f8a3da,1
d71310023,3
e985acab0,3
bbfc5274f,1
df706fd55,2
1d911bffb,4
ace26786b,4
70c30b53f,4
7aef49fb2,3
7c9e28902,4
4a9d058f6,2
a29c12bef,4
6ab1ff108,2
01142a354,3
898ad5d4c,4
31dcdb872,4
f1775b51b,2
1ef0bf320,3
6cfba936a,3
262d7f006,4
1d5a59ca9,3
cbd5f7a45,1
04372b78d,4
c62324387,1
80524f9cd,4
53759835a,1
439f040ed,4
7b67f6ed6,3
ff9ce365b,3
fb89569d8,2
17ef602ce,1
8ba0c6894,4
a2dccbe51,4
0c5b71bf0,2
b488dc067,4
ff8e4c708,3
3de1d3794,1
335f2c11b,2
2d758a13b,1
2edeb7931,4
61e7f4ebe,1
7993d67e3,4
b8580c770,1
cbd0bf6b1,4
2c401c793,2
88d5f9129,3
d9fe690c2,2
b00ce0fd0,1
f0ebfa37d,2
3d277ebe6,4
48a3fe4ac,3
7d930d08c,1
ca75db93c,3
a5ec4df1d,3
8d76a1b7f,3
3503528f8,4
c517992c8,1
126cfd595,3
cf3491020,2
e73038b62,4
39818f12c,4
052b0ada8,4
f246dec63,4
3e13d34d6,2
37cb01a87,2
615df1d7d,4
b2d7d59c9,4
5e5f1623c,4
f212d0cdc,1
931a50b80,4
21fc38738,4
58b4ba48f,4
9a627ad95,4
f86b59db0,3
109c4f5a8,3
27e8956dc,3
a27f0cc49,2
4c6dc89df,1
18a8b9b6e,4
35d9045fb,2
8fe11eb90,4
1de8444a7,2
deaba5702,0
b88fdc7ba,3
5e1856e1d,2
bfaca902b,4
bb90447e5,4
4e37bb1e2,4
c41283409,1
632b28a99,4
b49d7a9db,1
4559bd457,4
1ac7dad15,4
326c9c979,3
d139783fa,1
691a8b7ea,4
c68936b74,4
21f095582,4
ab9dd85b2,4
d8fc9bc28,4
99ab7c701,4
1d03b6d7c,4
1a38aecad,2
2b4c4793d,4
878e36da4,3
3cb155233,2
ab821872c,2
059cfed40,2
24737dbd5,4
c251767cf,1
7b2336880,2
840c965cb,4
9d6fd0eaf,4
113bc00e8,4
7582d1ab2,1
c82705cf4,2
5a17ff971,3
63912e2b8,3
af1bc9216,4
68046ca33,3
8a6701090,4
c77a68714,4
c2016fa08,4
62ad62e0a,4
4a56ae509,4
39f1d116e,1
2ad939a78,3
1ba29c00b,3
039fea576,4
1ba488d80,2
dbcfcf50c,3
ee71508dc,1
b7d23de06,3
e877b448c,3
f40b68c08,3
0c64a0f1b,4
b677eae2a,3
cabb4127e,2
815f4cc08,3
6bf7eec1e,1
3d3aef491,3
0690278af,1
0940ecf2b,4
639a4bcfd,3
8abd027df,2
727d25d09,1
861c903b6,4
7d18ee078,4
924cc5438,1
6cfbd44df,2
e95bb9197,4
2560aee80,2
9daaa4e8f,4
a6e25e889,3
b35e6306c,4
b26aecb5a,1
92bf36222,1
db33da35e,1
76358e754,3
ad002785c,1
dd5f93066,2
d1878035a,4
0306e85dd,4
f0e24b0aa,4
02adb269f,4
43b99bc40,1
bd485150e,4
ec57adce7,3
51c99e8fb,4
3b5a8db4f,4
ef73ab8c6,4
dee6cea2a,2
067d0ccd3,1
1952397d3,2
6f08e9c5f,3
084b7e7eb,2
70503cc75,1
1f6849a20,3
0bcae32b7,4
473af1ce7,4
64c6eb71c,2
982dce813,3
b22e78544,1
4bce78644,4
eb1f799df,4
70a90deaf,4
c76384236,3
b3bd4c99e,2
b5b84493d,2
31e9530cf,3
1833aa7d6,3
e40a90daa,3
91e1bffc5,4
5c60d114f,2
63521459,2
124f45c2b,1
2831bd2b0,4
ee2def69f,0
945a7a8dd,4
8fa1c5c38,4
d9c54752f,2
f20390dba,4
960de1fad,1
7a875ef01,4
b4f1bc76e,2
ba7ade913,2
9e2af0f7a,4
1d8d037a2,3
6c196faec,3
988988d5b,1
9197674f9,3
dbea554c3,3
ba16888d7,1
d6715d925,1
f068b8fdd,4
a71f9ca6b,3
07ae95ddc,3
e62c62127,3
24e800fa6,2
becd6c70d,4
3a36bdba5,4
b03b1a110,2
3d2745318,2
752491221,1
dff390828,1
73ab55e8c,3
93219ad95,2
f2816bd92,3
7d6298b6e,4
234b2a6b6,3
42a8d4f4a,3
9427a0125,1
71510cf8b,2
c0677007e,1
a684871b0,4
ffb33c204,2
63a4f8b8a,2
98c265a0f,3
f6db28991,1
4cb849b69,1
a9c3f27cc,4
33752346b,3
f447d931c,1
ec14446ba,3
f3fd77fe8,4
79a6cc443,4
16ce3524b,4
387147d00,3
595b8d58f,4
f69176873,4
65c2785b3,3
a6fd3df67,3
c7b3c09d4,2
d86f635fb,3
6fea8ac52,4
fcd21f3ec,3
5e9539f73,3
15937e540,1
2d6d161a9,2
2b38b60d2,4
d1f444e66,4
f5d514b10,3
91328d9f8,4
fd9375e71,2
a3e73475f,4
b4cc525db,4
b3e897856,3
c24017264,1
0cb450c62,3
856005eae,3
bc14f3a48,4
8cfba1686,4
a9fb31e59,3
7fe0a86f8,4
353187b3d,3
b41cb9e51,1
e204110aa,1
1a4d9f6e1,4
95d951387,1
4235841ea,2
ee459f62d,4
576f4893f,1
9af15c8f1,4
79b3d41e2,4
e15353d1b,2
3bb0c9458,1
ec13e5f25,3
01dd8880a,3
c5574bf3d,2
2d6e2292d,2
1217eecab,2
f9994fbae,3
4e00cd0ac,4
7ed3e206a,3
b4ba15dbc,2
7276be56b,4
372433bc5,4
dd62a2e7f,3
694a730b4,3
c042fa2d5,2
79420447a,4
ce5e6e407,3
60bbc32b6,4
ae3ef6983,4
9795ce5b0,4
1d6944a82,2
f6551137d,4
506fa1d6e,2
cbb64ed77,4
7fd7b7583,3
4bcc9f10a,1
82530d72e,3
f9934b985,4
d31cc5eb8,2
597ff6946,4
1b1ddc50c,3
95914d469,4
b6c464fd3,4
d4850786d,3
7d19330cb,2
8563d2004,2
d4e83ee5b,2
fc9773fa5,3
353c89ed3,4
47163bb58,4
368b2adc1,4
e53cf2373,3
7ca7983b5,2
fb507a1cb,3
a1eb5f685,1
86f4297b4,3
062de1f53,1
62332ea2c,3
7f6f8b365,1
c960bb1bd,4
3dc98128b,4
2e3bec724,3
c7575df7b,3
0008c5398,3
5893f7a9e,4
e5aa922d9,4
523af701f,2
1b1fdfd71,4
93ef02488,4
73f5dad5b,4
497ef36aa,4
38e3b6744,1
56b5845d7,4
6fc17b073,2
b48aa9d4a,4
7a25c5a12,1
44175f75c,4
d3968a6b0,1
50e35cd70,1
9e5476a10,4
4d28b3255,1
25c7b5c5f,1
ceed27182,2
c1aa4142d,4
d8128cefd,4
2fd882044,4
596d623f9,1
2b47d7f0d,3
b6450abed,4
826c26e34,1
f2a6e7dac,3
92e74870e,4
0caa3437b,1
b8aa48ca7,2
05f00d521,2
d08bc2c0a,2
0cda0894a,4
33c73d9ad,4
eceb03b88,4
97cd20357,2
09bc86c05,2
43bae1c6d,3
979e3f8f7,4
86547ad6d,4
796774834,2
a01ab5b30,4
ce344f70e,4
c9206bc13,1
55e32b4b7,4
81075b785,3
49c216bf8,4
fdb71d0c8,4
53db5839b,4
7a12a494f,4
87613aee1,3
ac2f56dbf,3
66d4911f9,4
68071559c,2
c9d333b09,4
c4e1afd9e,2
e21227d75,4
68731378e,4
714b4fa64,2
c4277da90,1
7f7e9db52,4
42444811d,3
3681bfdb9,3
62da2d031,3
310ea711c,1
cb867cac6,4
81301773,3
7c7a54cbe,3
b410bfdfe,0
accca912b,4
d6e6e7d6c,2
b256f479c,4
ef14eb18e,2
97fe7f730,1
807e3b981,2
f1fe2758a,2
ee8518e4c,4
86ea9dda0,4
610ece7bd,4
1de8d0099,4
f15d587a7,4
0c4e78176,3
9809485bb,2
6f7d23e2d,4
7998c5869,2
239047f66,3
31b7a54b6,4
d64f2a210,3
78332e36f,4
2f73851f5,3
e8f7d9542,3
dd38f7a48,1
4b4bb2b0a,3
839404d8c,1
b95d067a2,2
7f78e79c0,4
ba79cfddf,3
dfefbcea0,4
83d36f269,4
dd8f63c0b,1
282c0ac61,2
5145c1766,2
c8a528b69,3
d11425b98,3
89d80665a,4
52ad1225c,4
e65ac2a2e,1
f08b9d3c3,4
09eca4557,4
7cd898f38,3
63afbf2f2,4
9d513f46a,3
e6dc7116d,4
3485ea1db,4
5f2c67ae2,3
486f89692,4
6709f43e8,4
08267e916,4
7b1211e80,3
fefb3826e,1
a85a1c8c3,3
e04df6caf,3
0af142ee3,4
e4da1c9e4,3
5e696928a,4
4887999cc,1
4d8bc908b,3
2cb1d59ad,1
c98ae8e1e,2
bc6d86a40,3
c81a8045f,3
d7f98a1a1,4
400eaa6d5,4
545711134,3
40de6ecb5,1
d6b97e7ca,4
b0e26c028,4
eb42f77fd,4
f4d945501,4
f261c9968,3
3735485c1,2
60875e5f0,4
8f2daa8e3,3
0f0219fd7,1
34a6cc7b2,1
86ac4d6b6,1
401fcc4c5,3
c80041cdf,1
5314d64ac,4
0d1067e63,1
203e2bd3c,2
2a52daa7e,2
743b67b44,1
86d02f6a8,3
ed97f6919,4
faf64d6a6,4
3f8824a3b,4
8cdad4b1c,3
dffa9e326,4
e0e241d57,4
899859c9b,3
ab3759aae,1
7efb36b65,4
d3bafdff5,3
cb295209a,1
474db10df,2
e9feaab54,1
10a3c8b71,2
3fa0de4e4,4
c33c82dd5,4
38c82bfc5,1
3e158c21e,4
176e54ffd,1
b233246be,4
827ac9a9f,2
bf42a225d,3
c9151664a,4
fe7e662c5,3
45f9a9f66,1
f99231609,3
32f97388e,4
ee36e2198,4
5df99d229,1
ead9fb6b7,4
bdeeb6fe2,2
efe27171b,1
ad5021d77,2
01da89f29,2
d30068375,3
50361acf5,3
c1548b685,3
880a0ac07,2
c5c51218f,1
0f3434f36,2
e3f28534a,4
d4aa3713a,1
4c56ed2b6,4
9609a0b86,4
028d42a4b,2
9951b9762,3
1c107ce2b,4
70a534945,2
c4ff3b712,4
9862e5dfe,4
133ca8c90,4
9daa740bb,3
14398288b,4
0dfa8e172,2
9c263fbc4,4
828f48390,4
848c1d759,1
77d38bd16,3
2b9fd4034,2
e67b88329,4
fcffea7c0,1
b119aa181,2
f2ff942f1,2
1f4ebd382,2
5c716a537,1
ca8aec089,3
b7da4e981,4
a88733fd1,4
50682d0f1,4
b113401e2,2
bb2808ff8,1
19f5a15ab,3
6094997dd,3
7ba9cb4a0,3
8fddd8a5b,2
2ef182fc5,4
9d8032dd0,1
fd7c54ba8,3
01958f464,4
081199ea2,2
0f3fd67e2,2
f94991b4c,3
94dc821ee,4
6fa5384b8,2
497312a16,4
77014fe37,4
788ea6e94,4
3bb49d7d9,3
c3b05e0f0,4
9cda44cdf,3
2b1638a20,4
813bfdc93,0
986e26eeb,3
9b2316d19,4
c60193e34,1
4f7a70728,3
9e758c0b0,1
